type_name,getter,desc,tname_addr,create,ctor,dtor,vtbl_addr,getter_name,create_name,ctor_name,dtor_name
TCtlMgr,0x0048eaf0,0x00649618,0x0069504c,0x0048ea00,0x0048eb10,0x0048ec00,0x0064a4e0,GetTCtlMgrClassNamePointer,FUN_0048ea00,FUN_0048eb10,FUN_0048ec00
TCivAnimation,0x0049f4d0,0x0064c208,0x00695320,,,0x0049f630,,GetTCivAnimationClassNamePointer,FUN_0049f4b0,FUN_0049f580,FUN_0049f630
TArmyMgr,0x004a1850,0x0064c828,0x00695730,,,0x004a18a0,,GetTArmyMgrClassNamePointer,FUN_004a1640,ConstructMapContextActionManager,FUN_004a18a0
TArmyStack,0x004a76d0,0x0064c840,0x00695370,,0x004a76f0,0x004a7720,0x0064ca38,GetTArmyStackClassNamePointer,FUN_004a7590,FUN_004a76f0,FUN_004a7720
TSuperArmyRoster,0x004aa520,0x0064cb80,0x006957f0,,,0x004aa840,,GetTSuperArmyRosterClassNamePointer,thunk_DestructEngineerDialogBaseState,FUN_004aa540,FUN_004aa840
TMiniArmyLine,0x004aa900,0x0064cb98,0x006957e0,,,0x004aad40,,GetTMiniArmyLineClassNamePointer,FUN_004aa890,FUN_004aa960,FUN_004aad40
TSuperCivRoster,0x004ab450,0x0064cbc8,0x006957bc,,,0x004ab620,,GetTSuperCivRosterClassNamePointer,thunk_DestructEngineerDialogBaseState,FUN_004ab470,FUN_004ab620
TMiniCivLine,0x004ab6e0,0x0064cbe0,0x006957ac,0x004ab670,0x004ab740,0x004ab820,0x0064d9d0,GetTMiniCivLineClassNamePointer,FUN_004ab670,FUN_004ab740,FUN_004ab820
TInteriorMinister,0x004be1b0,0x006506b0,0x00696498,,0x004be1d0,0x004be200,0x00650808,GetTInteriorMinisterClassNamePointer,FUN_004be170,FUN_004be1d0,FUN_004be200
TCountry,0x004d67b0,0x00653670,0x006966f8,,0x004d67d0,0x004d6850,0x00653868,GetTCountryClassNamePointer,NoOpNationSelectedRegionAndMapCellLabelHook,FUN_004d67d0,FUN_004d6850
TMinor,0x004e36f0,0x006536a0,0x006966c8,,,0x004e3790,,GetTMinorClassNamePointer,FUN_004e3660,ConstructSecondaryNationState,FUN_004e3790
TAutoGreatPower,0x004e6b30,0x00653f90,0x00696798,,0x004e6b50,0x004e6b80,0x00654088,GetTAutoGreatPowerClassNamePointer,FUN_004e6b10,FUN_004e6b50,FUN_004e6b80
TDefenseMinister,0x004ec0c0,0x00654838,0x0069684c,,0x004ec0e0,0x004ec110,0x006549b0,GetTDefenseMinisterClassNamePointer,FUN_004ec0a0,FUN_004ec0e0,FUN_004ec110
TNapoleonMinister,0x004ed4c0,0x00654850,0x00696834,,0x004ed4e0,0x004ed510,0x00654a28,GetTNapoleonMinisterClassNamePointer,FUN_004ed490,FUN_004ed4e0,FUN_004ed510
TBismarckMinister,0x004ed7f0,0x00654868,0x0069681c,,0x004ed810,0x004ed840,0x00654aa0,GetTBismarckMinisterClassNamePointer,FUN_004ed7c0,FUN_004ed810,FUN_004ed840
TPirateMinister,0x004edae0,0x00654880,0x00696808,,0x004edb00,0x004edb30,0x00654b18,GetTPirateMinisterClassNamePointer,FUN_004edab0,FUN_004edb00,FUN_004edb30
TDefenderMinister,0x004eddc0,0x00654898,0x006967f0,,0x004edde0,0x004ede10,0x00654b90,GetTDefenderMinisterClassNamePointer,FUN_004edda0,FUN_004edde0,FUN_004ede10
TBullyMinister,0x004ee0b0,0x006548b0,0x006967dc,,0x004ee0d0,0x004ee100,0x00654c08,GetTBullyMinisterClassNamePointer,FUN_004ee080,FUN_004ee0d0,FUN_004ee100
TDiplomacyMgr,0x004ee6a0,0x00654cd0,0x006968a8,,,0x004ee700,,GetTDiplomacyMgrClassNamePointer,FUN_004ee5e0,ConstructDiplomacyTurnStateManager_Vtbl00654d90,FUN_004ee700
TDisplayMgr,0x004fe780,0x00656600,0x00696b34,,,0x004fe7f0,,GetTDisplayMgrClassNamePointer,FUN_004fe390,InitializeMapTileRuntimeStateEntry,FUN_004fe7f0
THelpMgr,0x005005c0,0x00656f68,0x00696c4c,,0x005005e0,0x00500630,0x00657040,GetTHelpMgrClassNamePointer,AssertUGameWindowLines634And639,FUN_005005e0,FUN_00500630
TLanguageMgr,0x00507c40,0x00658560,0x00696ce8,0x00507bc0,0x00507c60,0x00507d80,0x006585a8,GetTLanguageMgrClassNamePointer,FUN_00507bc0,FUN_00507c60,FUN_00507d80
TMapMgr,0x0050e3b0,0x00658788,0x006970e0,,,0x0050e460,,GetTMapMgrClassNamePointer,FUN_0050e2f0,ConstructGlobalMapState,FUN_0050e460
TMapDialog,0x00519b30,0x00658998,0x00697370,,0x00519b50,0x00519c40,0x00658a58,GetTMapDialogClassNamePointer,thunk_DestructEngineerDialogBaseState,FUN_00519b50,FUN_00519c40
TSuperNavyRoster,0x005698c0,0x0065c910,0x0069850c,,,0x00569b60,,GetTSuperNavyRosterClassNamePointer,thunk_DestructEngineerDialogBaseState,FUN_005698e0,FUN_00569b60
TMapPreviewView,0x00578830,0x006619f8,0x006989e8,,,0x005789b0,,GetTMapPreviewViewClassNamePointer,CreateUiPlanetListResourceEntry,FUN_00578850,FUN_005789b0
TSimMgr,0x0057b9c0,0x00662960,0x00698be0,,,0x0057bb50,,GetTSimMgrClassNamePointer,CreateTurnFlowStateManager,ConstructTurnFlowStateManagerVtable00662a58,FUN_0057bb50
TArmyPlayer,0x0059b190,0x00669488,0x00699d60,,,0x0059b390,,GetTArmyPlayerClassNamePointer,FUN_0059b170,InitializeTacticalSideFromArmyUnitList,FUN_0059b390
TNavyPlayer,0x0059ec00,0x006694a0,0x006994b0,,,0x0059ed80,,GetTNavyPlayerClassNamePointer,FUN_0059ebe0,FUN_0059ed60,FUN_0059ed80
TNavyHumanPlayer,0x0059ef70,0x006694b8,0x0069949c,,,0x0059f070,,GetTNavyHumanPlayerClassNamePointer,FUN_0059ef50,FUN_0059efc0,FUN_0059f070
TTacticalBattle,0x0059f750,0x00669e00,0x00699e0c,,0x0059f770,0x0059f7a0,0x0066a088,GetTTacticalBattleClassNamePointer,FUN_0059f730,FUN_0059f770,FUN_0059f7a0
TacticalBattleView,0x005a8330,0x0066a280,0x00699fdc,0x005a82b0,0x005a8350,0x005a83e0,0x0066a380,GetTacticalBattleViewClassNamePointer,FUN_005a82b0,FUN_005a8350,FUN_005a83e0
TaskList,0x005aeb70,0x0066a8f8,0x0069a018,0x005aeaf0,0x005aeb90,0x005aec00,0x0066aa48,GetTaskListClassNamePointer,FUN_005aeaf0,FUN_005aeb90,FUN_005aec00
TTechMgr,0x005aef60,0x0066ac98,0x0069a6c8,,,0x005aefa0,,GetTTechMgrClassNamePointer,FUN_005aed50,ConstructCityOrderCapabilityStateVtable,FUN_005aefa0
TTradeMgr,0x005b7a00,0x0066d870,0x0069a938,,,0x005b7a40,,GetTTradeMgrClassNamePointer,IsOrderEntryTransportLinkedAndEnabled,ConstructNationInteractionStateManager_Vtbl0066d990,FUN_005b7a40
TradeScreenPicture,0x005ba700,0x0066dba0,0x0069aa78,0x005ba680,0x005ba720,0x005ba750,0x0066dd98,GetTradeScreenPictureClassNamePointer,FUN_005ba680,FUN_005ba720,FUN_005ba750
TTradePageSellView,0x005bcc10,0x0066dbe8,0x0069aa38,,,0x005bcf70,,GetTTradePageSellViewClassNamePointer,FUN_005bcb90,FUN_005bcc30,FUN_005bcf70
TTradePageBuyView,0x005bd670,0x0066dc30,0x0069a9e8,,,0x005bd900,,GetTTradePageBuyViewClassNamePointer,FUN_005bd5f0,FUN_005bd690,FUN_005bd900
TAssetMgr,0x005df260,0x0066f4c0,0x0069b774,,,0x005df300,,GetTAssetMgrClassNamePointer,FUN_005df1d0,ConstructUiViewManager,FUN_005df300
TNetMgr,0x005e33c0,0x0066f978,0x0069b8bc,,,0x005e3400,,GetTNetMgrClassNamePointer,FUN_005e3310,ConstructGlobalTurnEventQueueManager,FUN_005e3400
