address|target_cpp|ownership|note
401064|src/game/thunks.cpp|manual|marker_sync
4010a0|src/game/thunks.cpp|manual|marker_sync
401172|src/game/TGreatPower.cpp|manual|marker_sync
4011a9|src/game/thunks.cpp|manual|marker_sync
401244|src/game/thunks.cpp|manual|marker_sync
4012b2|src/game/thunks.cpp|manual|marker_sync
40132a|src/game/thunks.cpp|manual|marker_sync
401343|src/game/TGreatPower.cpp|manual|marker_sync
4014a6|src/game/TGreatPower.cpp|manual|marker_sync
40153c|src/game/TShipyardCluster.cpp|manual|marker_sync
40154b|src/game/thunks.cpp|manual|marker_sync
4016d1|src/game/TGreatPower.cpp|manual|marker_sync
4017b7|src/game/thunks.cpp|manual|marker_sync
401816|src/game/thunks.cpp|manual|marker_sync
401983|src/game/TGreatPower.cpp|manual|marker_sync
4019fb|src/game/thunks.cpp|manual|marker_sync
401ad2|src/game/TGreatPower.cpp|manual|marker_sync
401b09|src/game/thunks.cpp|manual|marker_sync
401b3b|src/game/trade_screen.cpp|manual|marker_sync
401b72|src/game/thunks.cpp|manual|marker_sync
401c0d|src/game/TCapacityOrder.cpp|manual|marker_sync
401cbc|src/game/TGreatPower.cpp|manual|marker_sync
401cdf|src/game/thunks.cpp|manual|marker_sync
401e1f|src/game/thunks.cpp|manual|marker_sync
401e2e|src/game/thunks.cpp|manual|marker_sync
401ed8|src/game/thunks.cpp|manual|marker_sync
402185|src/game/TGreatPower.cpp|manual|marker_sync
402919|src/game/TGreatPower.cpp|manual|marker_sync
402bda|src/game/TGreatPower.cpp|manual|marker_sync
402c11|src/game/TShipyardCluster.cpp|manual|marker_sync
402e5f|src/game/TGreatPower.cpp|manual|marker_sync
4032fb|src/game/trade_screen.cpp|manual|marker_sync
40376a|src/game/TGreatPower.cpp|manual|marker_sync
40389b|src/game/TGreatPower.cpp|manual|marker_sync
403c15|src/game/TGreatPower.cpp|manual|marker_sync
403e04|src/game/TGreatPower.cpp|manual|marker_sync
404007|src/game/TGreatPower.cpp|manual|marker_sync
404093|src/game/TCapacityOrder.cpp|manual|marker_sync
404246|src/game/TGreatPower.cpp|manual|marker_sync
4048f4|src/game/TGreatPower.cpp|manual|marker_sync
404a9d|src/game/TGreatPower.cpp|manual|marker_sync
404b33|src/game/TGreatPower.cpp|manual|marker_sync
404ce1|src/game/TGreatPower.cpp|manual|marker_sync
405529|src/game/config.cpp|manual|marker_sync
405826|src/game/TGreatPower.cpp|manual|marker_sync
4058a8|src/game/TShipyardCluster.cpp|manual|marker_sync
405a9c|src/game/TGreatPower.cpp|manual|marker_sync
405ab5|src/game/TCapacityOrder.cpp|manual|marker_sync
405ac9|src/game/TGreatPower.cpp|manual|marker_sync
405de4|src/game/TGreatPower.cpp|manual|marker_sync
4064e2|src/game/TView.cpp|manual|marker_sync
406915|src/game/TGreatPower.cpp|manual|marker_sync
406965|src/game/TShipyardCluster.cpp|manual|marker_sync
406a46|src/game/TGreatPower.cpp|manual|marker_sync
406b2c|src/game/TGreatPower.cpp|manual|marker_sync
406c49|src/game/TGreatPower.cpp|manual|marker_sync
406c9e|src/game/TGreatPower.cpp|manual|marker_sync
406ca3|src/game/TGreatPower.cpp|manual|marker_sync
406e65|src/game/TShipyardCluster.cpp|manual|marker_sync
406fe1|src/game/TGreatPower.cpp|manual|marker_sync
4070e5|src/game/TGreatPower.cpp|manual|marker_sync
407392|src/game/TGreatPower.cpp|manual|marker_sync
407db0|src/game/TGreatPower.cpp|manual|marker_sync
407e8c|src/game/TGreatPower.cpp|manual|marker_sync
408017|src/game/TGreatPower.cpp|manual|marker_sync
408076|src/game/TGreatPower.cpp|manual|marker_sync
408107|src/game/TGreatPower.cpp|manual|marker_sync
408143|src/game/TGreatPower.cpp|manual|marker_sync
4083f5|src/game/TGreatPower.cpp|manual|marker_sync
4085ee|src/game/TGreatPower.cpp|manual|marker_sync
408620|src/game/TGreatPower.cpp|manual|marker_sync
40862a|src/game/TGreatPower.cpp|manual|marker_sync
4087fb|src/game/TControl.cpp|manual|marker_sync
4090b1|src/game/TGreatPower.cpp|manual|marker_sync
409291|src/game/TGreatPower.cpp|manual|marker_sync
4096c4|src/game/TGreatPower.cpp|manual|marker_sync
4097fa|src/game/TGreatPower.cpp|manual|marker_sync
4097ff|src/game/TGreatPower.cpp|manual|marker_sync
412bf0|src/game/noop_slots.cpp|manual|marker_sync
412c10|src/game/noop_slots.cpp|manual|marker_sync
47c3d0|src/game/sprite.cpp|manual|marker_sync
48a650|src/game/noop_slots.cpp|manual|marker_sync
48a690|src/game/noop_slots.cpp|manual|marker_sync
48a8e0|src/game/TView.cpp|manual|marker_sync
48e520|src/game/TControl.cpp|manual|marker_sync
4b5140|src/game/noop_slots.cpp|manual|marker_sync
4b8b80|src/game/TCapacityOrder.cpp|manual|marker_sync
4b8cc0|src/game/TCapacityOrder.cpp|manual|marker_sync
4b8d00|src/game/TCapacityOrder.cpp|manual|marker_sync
4b8d30|src/game/TCapacityOrder.cpp|manual|marker_sync
4d8cc0|src/game/TGreatPower.cpp|manual|marker_sync
4d9160|src/game/TGreatPower.cpp|manual|marker_sync
4d92e0|src/game/TGreatPower.cpp|manual|marker_sync
4db380|src/game/TGreatPower.cpp|manual|marker_sync
4dbd20|src/game/TGreatPower.cpp|manual|marker_sync
4dbf00|src/game/TGreatPower.cpp|manual|marker_sync
4dc9f0|src/game/TGreatPower.cpp|manual|marker_sync
4dd470|src/game/TGreatPower.cpp|manual|marker_sync
4dda90|src/game/TGreatPower.cpp|manual|marker_sync
4ddbb0|src/game/TGreatPower.cpp|manual|marker_sync
4ddfc0|src/game/TGreatPower.cpp|manual|marker_sync
4de860|src/game/TGreatPower.cpp|manual|marker_sync
4dedf0|src/game/TGreatPower.cpp|manual|marker_sync
4defd0|src/game/TGreatPower.cpp|manual|marker_sync
4df5c0|src/game/TGreatPower.cpp|manual|marker_sync
4df5f0|src/game/TGreatPower.cpp|manual|marker_sync
4e1d50|src/game/TGreatPower.cpp|manual|marker_sync
4e73f0|src/game/TGreatPower.cpp|manual|marker_sync
4e7b50|src/game/TGreatPower.cpp|manual|marker_sync
4e7c50|src/game/TGreatPower.cpp|manual|marker_sync
4e8540|src/game/TGreatPower.cpp|manual|marker_sync
4e8750|src/game/TGreatPower.cpp|manual|marker_sync
4e9060|src/game/TGreatPower.cpp|manual|marker_sync
500200|src/game/noop_slots.cpp|manual|marker_sync
500220|src/game/noop_slots.cpp|manual|marker_sync
550f80|src/game/object_pool.cpp|manual|marker_sync
550ff0|src/game/object_pool.cpp|manual|marker_sync
552510|src/game/object_pool.cpp|manual|marker_sync
5525d0|src/game/object_pool.cpp|manual|marker_sync
552650|src/game/object_pool.cpp|manual|marker_sync
5526e0|src/game/object_pool.cpp|manual|marker_sync
5528c0|src/game/object_pool.cpp|manual|marker_sync
5528e0|src/game/object_pool.cpp|manual|marker_sync
55fc40|src/game/input_state.cpp|manual|marker_sync
572bb0|src/game/noop_slots.cpp|manual|marker_sync
583bd0|src/game/trade_screen.cpp|manual|marker_sync
585f70|src/game/trade_screen.cpp|manual|marker_sync
585ff0|src/game/trade_screen.cpp|manual|marker_sync
586010|src/game/trade_screen.cpp|manual|marker_sync
586040|src/game/trade_screen.cpp|manual|marker_sync
586090|src/game/trade_screen.cpp|manual|marker_sync
586150|src/game/trade_screen.cpp|manual|marker_sync
586170|src/game/trade_screen.cpp|manual|marker_sync
586280|src/game/trade_screen.cpp|manual|marker_sync
586310|src/game/trade_screen.cpp|manual|marker_sync
586330|src/game/trade_screen.cpp|manual|marker_sync
5863b0|src/game/trade_screen.cpp|manual|marker_sync
586400|src/game/trade_screen.cpp|manual|marker_sync
586590|src/game/trade_screen.cpp|manual|marker_sync
586610|src/game/trade_screen.cpp|manual|marker_sync
586630|src/game/trade_screen.cpp|manual|marker_sync
586660|src/game/trade_screen.cpp|manual|marker_sync
5866b0|src/game/trade_screen.cpp|manual|marker_sync
586840|src/game/trade_screen.cpp|manual|marker_sync
586900|src/game/trade_screen.cpp|manual|marker_sync
586920|src/game/trade_screen.cpp|manual|marker_sync
586970|src/game/trade_screen.cpp|manual|marker_sync
5869c0|src/game/trade_screen.cpp|manual|marker_sync
586a60|src/game/trade_screen.cpp|manual|marker_sync
586a80|src/game/trade_screen.cpp|manual|marker_sync
586ab0|src/game/trade_screen.cpp|manual|marker_sync
586ad0|src/game/trade_screen.cpp|manual|marker_sync
586b50|src/game/trade_screen.cpp|manual|marker_sync
586b70|src/game/trade_screen.cpp|manual|marker_sync
586ba0|src/game/trade_screen.cpp|manual|marker_sync
586bf0|src/game/trade_screen.cpp|manual|marker_sync
586c40|src/game/trade_screen.cpp|manual|marker_sync
586cc0|src/game/trade_screen.cpp|manual|marker_sync
586ce0|src/game/trade_screen.cpp|manual|marker_sync
586d10|src/game/trade_screen.cpp|manual|marker_sync
586d60|src/game/trade_screen.cpp|manual|marker_sync
586e50|src/game/trade_screen.cpp|manual|marker_sync
586e70|src/game/trade_screen.cpp|manual|marker_sync
586ff0|src/game/trade_screen.cpp|manual|marker_sync
587010|src/game/trade_screen.cpp|manual|marker_sync
587090|src/game/trade_screen.cpp|manual|marker_sync
5870b0|src/game/trade_screen.cpp|manual|marker_sync
5870e0|src/game/trade_screen.cpp|manual|marker_sync
587130|src/game/trade_screen.cpp|manual|marker_sync
5873e0|src/game/trade_screen.cpp|manual|marker_sync
587900|src/game/trade_screen.cpp|manual|marker_sync
587950|src/game/trade_screen.cpp|manual|marker_sync
587980|src/game/trade_screen.cpp|manual|marker_sync
587a10|src/game/trade_screen.cpp|manual|marker_sync
587aa0|src/game/trade_screen.cpp|manual|marker_sync
587bb0|src/game/trade_screen.cpp|manual|marker_sync
587dd0|src/game/trade_screen.cpp|manual|marker_sync
588030|src/game/trade_screen.cpp|manual|marker_sync
5882f0|src/game/trade_screen.cpp|manual|marker_sync
5884c0|src/game/TAmtBar.cpp|manual|marker_sync
588560|src/game/TAmtBar.cpp|manual|marker_sync
588580|src/game/TAmtBar.cpp|manual|marker_sync
5885c0|src/game/TAmtBar.cpp|manual|marker_sync
588610|src/game/TAmtBar.cpp|manual|marker_sync
588630|src/game/trade_screen.cpp|manual|marker_sync
588670|src/game/trade_screen.cpp|manual|marker_sync
588690|src/game/trade_screen.cpp|manual|marker_sync
588950|src/game/trade_screen.cpp|manual|marker_sync
588a30|src/game/TIndustryCluster.cpp|manual|marker_sync
588ad0|src/game/TIndustryCluster.cpp|manual|marker_sync
588af0|src/game/trade_screen.cpp|manual|marker_sync
588b20|src/game/TIndustryCluster.cpp|manual|marker_sync
588b70|src/game/trade_screen.cpp|manual|marker_sync
588c30|src/game/trade_screen.cpp|manual|marker_sync
588c60|src/game/trade_screen.cpp|manual|marker_sync
588f60|src/game/trade_screen.cpp|manual|marker_sync
588ff0|src/game/TAmtBar.cpp|manual|marker_sync
589110|src/game/TIndustryAmtBar.cpp|manual|marker_sync
5891b0|src/game/TIndustryAmtBar.cpp|manual|marker_sync
5891d0|src/game/TIndustryAmtBar.cpp|manual|marker_sync
589210|src/game/TIndustryAmtBar.cpp|manual|marker_sync
589260|src/game/TIndustryAmtBar.cpp|manual|marker_sync
589340|src/game/trade_screen.cpp|manual|marker_sync
589540|src/game/trade_screen.cpp|manual|marker_sync
589660|src/game/TRailCluster.cpp|manual|marker_sync
589700|src/game/TRailCluster.cpp|manual|marker_sync
589720|src/game/trade_screen.cpp|manual|marker_sync
589760|src/game/TRailCluster.cpp|manual|marker_sync
5897b0|src/game/trade_screen.cpp|manual|marker_sync
5899c0|src/game/trade_screen.cpp|manual|marker_sync
5899f0|src/game/trade_screen.cpp|manual|marker_sync
589d10|src/game/trade_screen.cpp|manual|marker_sync
589da0|src/game/TIndustryAmtBar.cpp|manual|marker_sync
589ed0|src/game/TRailAmtBar.cpp|manual|marker_sync
589f70|src/game/TRailAmtBar.cpp|manual|marker_sync
589f90|src/game/TRailAmtBar.cpp|manual|marker_sync
589fd0|src/game/TRailAmtBar.cpp|manual|marker_sync
58a020|src/game/TRailAmtBar.cpp|manual|marker_sync
58a1b0|src/game/trade_screen.cpp|manual|marker_sync
58a3b0|src/game/trade_screen.cpp|manual|marker_sync
58a4d0|src/game/TShipyardCluster.cpp|manual|marker_sync
58a570|src/game/TShipyardCluster.cpp|manual|marker_sync
58a590|src/game/TShipyardCluster.cpp|manual|marker_sync
58a5c0|src/game/TShipyardCluster.cpp|manual|marker_sync
58a610|src/game/TShipyardCluster.cpp|manual|marker_sync
58a690|src/game/TShipyardCluster.cpp|manual|marker_sync
58a940|src/game/TShipyardCluster.cpp|manual|marker_sync
58aaa0|src/game/TShipAmtBar.cpp|manual|marker_sync
58ab40|src/game/TShipAmtBar.cpp|manual|marker_sync
58ab60|src/game/TShipAmtBar.cpp|manual|marker_sync
58aba0|src/game/TShipAmtBar.cpp|manual|marker_sync
58abf0|src/game/TShipAmtBar.cpp|manual|marker_sync
58ac80|src/game/trade_screen.cpp|manual|marker_sync
58ae30|src/game/TTraderAmtBar.cpp|manual|marker_sync
58aed0|src/game/TTraderAmtBar.cpp|manual|marker_sync
58aef0|src/game/TTraderAmtBar.cpp|manual|marker_sync
58af30|src/game/TTraderAmtBar.cpp|manual|marker_sync
58af80|src/game/TTraderAmtBar.cpp|manual|marker_sync
58b070|src/game/TTraderAmtBar.cpp|manual|marker_sync
58b0f0|src/game/trade_screen.cpp|manual|marker_sync
58b340|src/game/TCivilianButton.cpp|manual|marker_sync
58b3c0|src/game/TCivilianButton.cpp|manual|marker_sync
58b3e0|src/game/TCivilianButton.cpp|manual|marker_sync
58b410|src/game/TCivilianButton.cpp|manual|marker_sync
58b460|src/game/trade_screen.cpp|manual|marker_sync
58b4f0|src/game/trade_screen.cpp|manual|marker_sync
58b5c0|src/game/THQButton.cpp|manual|marker_sync
58b640|src/game/THQButton.cpp|manual|marker_sync
58b660|src/game/THQButton.cpp|manual|marker_sync
58b690|src/game/THQButton.cpp|manual|marker_sync
58b6e0|src/game/THQButton.cpp|manual|marker_sync
58b750|src/game/trade_screen.cpp|manual|marker_sync
58b7f0|src/game/THQButton.cpp|manual|marker_sync
58b890|src/game/trade_screen.cpp|manual|marker_sync
58b8d0|src/game/trade_screen.cpp|manual|marker_sync
58b960|src/game/TPlacard.cpp|manual|marker_sync
58b9f0|src/game/TPlacard.cpp|manual|marker_sync
58ba10|src/game/TPlacard.cpp|manual|marker_sync
58ba40|src/game/TPlacard.cpp|manual|marker_sync
58bab0|src/game/TPlacard.cpp|manual|marker_sync
58bb50|src/game/TPlacard.cpp|manual|marker_sync
58bc60|src/game/TPlacard.cpp|manual|marker_sync
58be30|src/game/TArmyPlacard.cpp|manual|marker_sync
58beb0|src/game/TArmyPlacard.cpp|manual|marker_sync
58bed0|src/game/TArmyPlacard.cpp|manual|marker_sync
58bf00|src/game/TArmyPlacard.cpp|manual|marker_sync
58bf50|src/game/TArmyPlacard.cpp|manual|marker_sync
58bfe0|src/game/trade_screen.cpp|manual|marker_sync
58c140|src/game/TArmyPlacard.cpp|manual|marker_sync
58c1e0|src/game/TNumberedArrowButton.cpp|manual|marker_sync
58c280|src/game/TNumberedArrowButton.cpp|manual|marker_sync
58c2a0|src/game/TNumberedArrowButton.cpp|manual|marker_sync
58c2e0|src/game/TNumberedArrowButton.cpp|manual|marker_sync
58c330|src/game/ui_widget_wrappers.cpp|manual|marker_sync
58c360|src/game/ui_widget_wrappers.cpp|manual|marker_sync
58c7c0|src/game/ui_widget_wrappers.cpp|manual|marker_sync
58c830|src/game/TCombatReportView.cpp|manual|marker_sync
58c8b0|src/game/TCombatReportView.cpp|manual|marker_sync
58c8d0|src/game/TCombatReportView.cpp|manual|marker_sync
58c900|src/game/TCombatReportView.cpp|manual|marker_sync
58de40|src/game/TArmyToolbar.cpp|manual|marker_sync
58dec0|src/game/TArmyToolbar.cpp|manual|marker_sync
58dee0|src/game/TArmyToolbar.cpp|manual|marker_sync
58df10|src/game/TArmyToolbar.cpp|manual|marker_sync
58e1c0|src/game/TArmyToolbar.cpp|manual|marker_sync
58e330|src/game/TStratReportView.cpp|manual|marker_sync
58e3a0|src/game/TStratReportView.cpp|manual|marker_sync
58e3c0|src/game/TStratReportView.cpp|manual|marker_sync
58e3f0|src/game/TStratReportView.cpp|manual|marker_sync
58e440|src/game/ui_widget_wrappers.cpp|manual|marker_sync
58ea00|src/game/TCivToolbar.cpp|manual|marker_sync
58ea80|src/game/TCivToolbar.cpp|manual|marker_sync
58eaa0|src/game/TCivToolbar.cpp|manual|marker_sync
58ead0|src/game/TCivToolbar.cpp|manual|marker_sync
58eb20|src/game/TCivToolbar.cpp|manual|marker_sync
58ec50|src/game/TCivToolbar.cpp|manual|marker_sync
58eed0|src/game/TCivToolbar.cpp|manual|marker_sync
58f050|src/game/TCivDescription.cpp|manual|marker_sync
58f0f0|src/game/TCivDescription.cpp|manual|marker_sync
58f110|src/game/TCivDescription.cpp|manual|marker_sync
58f1a0|src/game/TCivDescription.cpp|manual|marker_sync
58f3c0|src/game/TCivDescription.cpp|manual|marker_sync
58f550|src/game/TCivDescription.cpp|manual|marker_sync
58f7b0|src/game/TCivDescription.cpp|manual|marker_sync
58fec0|src/game/TCivDescription.cpp|manual|marker_sync
590b90|src/game/TCivReport.cpp|manual|marker_sync
590c10|src/game/TCivReport.cpp|manual|marker_sync
590c30|src/game/TCivReport.cpp|manual|marker_sync
590c60|src/game/TCivReport.cpp|manual|marker_sync
590cb0|src/game/TCivReport.cpp|manual|marker_sync
591500|src/game/TArmyInfoView.cpp|manual|marker_sync
591580|src/game/TArmyInfoView.cpp|manual|marker_sync
5915a0|src/game/TArmyInfoView.cpp|manual|marker_sync
5915d0|src/game/TArmyInfoView.cpp|manual|marker_sync
591d90|src/game/TTransportPicture.cpp|manual|marker_sync
591e50|src/game/TTransportPicture.cpp|manual|marker_sync
591e70|src/game/TTransportPicture.cpp|manual|marker_sync
591ec0|src/game/TTransportPicture.cpp|manual|marker_sync
592860|src/game/TWarningView.cpp|manual|marker_sync
5928e0|src/game/TWarningView.cpp|manual|marker_sync
592900|src/game/TWarningView.cpp|manual|marker_sync
592930|src/game/TWarningView.cpp|manual|marker_sync
5932b0|src/game/TSoundPlayer.cpp|manual|marker_sync
593350|src/game/TSoundPlayer.cpp|manual|marker_sync
593370|src/game/TSoundPlayer.cpp|manual|marker_sync
5933b0|src/game/TSoundPlayer.cpp|manual|marker_sync
5933e0|src/game/TSoundPlayer.cpp|manual|marker_sync
59a180|src/game/trade_screen.cpp|manual|marker_sync
5dbd10|src/game/noop_slots.cpp|manual|marker_sync
5e2b50|src/game/noop_slots.cpp|manual|marker_sync
5e2b70|src/game/noop_slots.cpp|manual|marker_sync
605791|src/game/string_shared.cpp|manual|marker_sync
605797|src/game/string_shared.cpp|manual|marker_sync
6057a7|src/game/string_shared.cpp|manual|marker_sync
6057de|src/game/string_shared.cpp|manual|marker_sync
60584a|src/game/string_shared.cpp|manual|marker_sync
60588b|src/game/string_shared.cpp|manual|marker_sync
6058b9|src/game/string_shared.cpp|manual|marker_sync
6058e2|src/game/string_shared.cpp|manual|marker_sync
605950|src/game/string_shared.cpp|manual|marker_sync
6059fc|src/game/string_shared.cpp|manual|marker_sync
605a29|src/game/string_shared.cpp|manual|marker_sync
605a78|src/game/string_shared.cpp|manual|marker_sync
605ae0|src/game/string_shared.cpp|manual|marker_sync
605c6f|src/game/string_shared.cpp|manual|marker_sync
605cce|src/game/string_shared.cpp|manual|marker_sync
605d0a|src/game/string_shared.cpp|manual|marker_sync
605d22|src/game/string_shared.cpp|manual|marker_sync
605d71|src/game/string_shared.cpp|manual|marker_sync
605d99|src/game/string_shared.cpp|manual|marker_sync
606c67|src/game/mfc_helpers.cpp|manual|marker_sync
606c7c|src/game/mfc_helpers.cpp|manual|marker_sync
606ddd|src/game/mfc_helpers.cpp|manual|marker_sync
606f73|src/game/mfc_helpers.cpp|manual|marker_sync
606faf|src/game/mfc_helpers.cpp|manual|marker_sync
606fc0|src/game/list_utils.cpp|manual|marker_sync
606fd2|src/game/list_utils.cpp|manual|marker_sync
607077|src/game/list_utils.cpp|manual|marker_sync
618df2|src/game/list_box.cpp|manual|marker_sync
618e72|src/game/list_box.cpp|manual|marker_sync
