entry,name,family
00401235,Cluster_UiControlA4A8_1C8_30_0045e0b0,UiControlA4A8_1C8_30
004014f6,Cluster_MapHint_004fbdf0,MapHint
00402496,Cluster_MapHint_004a6680,MapHint
00402e5f,Cluster_MapHint_004e92b0,MapHint
0040327e,Cluster_UiControlA4A8_1C8_1E4_005d5d30,UiControlA4A8_1C8_1E4
004033be,Cluster_UiControlA4A8_1C8_30_0044af90,UiControlA4A8_1C8_30
0040376a,Cluster_CityHint_004d92e0,CityHint
00403977,Cluster_UiControlA4A8_1C8_00427360,UiControlA4A8_1C8
00403bca,Cluster_UiControlA4A8_1C8_004adfc0,UiControlA4A8_1C8
00403f99,Cluster_UiControlA4A8_1C8_30_004295a0,UiControlA4A8_1C8_30
00405402,Cluster_UiControlA4A8_1C8_0045d520,UiControlA4A8_1C8
004056fa,Cluster_UiControlA4A8_1C8_30_0045b100,UiControlA4A8_1C8_30
004059cf,Cluster_UiControlA4A8_1C8_1E4_00430c50,UiControlA4A8_1C8_1E4
00405a10,Cluster_UiControlA4A8_1C8_1E4_0044fbc0,UiControlA4A8_1C8_1E4
00405ffb,Cluster_StateMachine18_4C_00545940,StateMachine18_4C
0040652d,Cluster_UiControlA4A8_1C8_005acd60,UiControlA4A8_1C8
00406690,Cluster_UiControlA4A8_1C8_004538a0,UiControlA4A8_1C8
004070ae,Cluster_UiControlA4A8_1C8_1E4_0041b6d0,UiControlA4A8_1C8_1E4
00407531,Cluster_UiControlA4A8_1C8_0046fd10,UiControlA4A8_1C8
00407ce3,Cluster_UiControlA4A8_1C8_005de010,UiControlA4A8_1C8
00408143,Cluster_CityHint_004d9c70,CityHint
004081ca,Cluster_CityHint_005bc0d0,CityHint
00409606,Cluster_MilitaryHint_005a2750,MilitaryHint
004097fa,Cluster_TurnEventHint_004de860,TurnEventHint
004099b7,Cluster_UiControlA4A8_1C8_0057a6e0,UiControlA4A8_1C8
0041b6d0,Cluster_UiControlA4A8_1C8_1E4_0041b6d0,UiControlA4A8_1C8_1E4
00427360,Cluster_UiControlA4A8_1C8_00427360,UiControlA4A8_1C8
004295a0,Cluster_UiControlA4A8_1C8_30_004295a0,UiControlA4A8_1C8_30
00430c50,Cluster_UiControlA4A8_1C8_1E4_00430c50,UiControlA4A8_1C8_1E4
0044af90,Cluster_UiControlA4A8_1C8_30_0044af90,UiControlA4A8_1C8_30
0044fbc0,Cluster_UiControlA4A8_1C8_1E4_0044fbc0,UiControlA4A8_1C8_1E4
004538a0,Cluster_UiControlA4A8_1C8_004538a0,UiControlA4A8_1C8
0045b100,Cluster_UiControlA4A8_1C8_30_0045b100,UiControlA4A8_1C8_30
0045d520,Cluster_UiControlA4A8_1C8_0045d520,UiControlA4A8_1C8
0045e0b0,Cluster_UiControlA4A8_1C8_30_0045e0b0,UiControlA4A8_1C8_30
0046503c,Cluster_TradeHint_0046503c,TradeHint
0046baa7,Cluster_TradeHint_0046baa7,TradeHint
0046fd10,Cluster_UiControlA4A8_1C8_0046fd10,UiControlA4A8_1C8
004a6680,Cluster_MapHint_004a6680,MapHint
004acb60,Cluster_UiHint_004acb60,UiHint
004ad7a0,Cluster_UiHint_004ad7a0,UiHint
004adfc0,Cluster_UiControlA4A8_1C8_004adfc0,UiControlA4A8_1C8
004c5a90,Cluster_SingleSlot14_004c5a90,SingleSlot14
004c5d90,Cluster_SingleSlot14_004c5d90,SingleSlot14
004c6090,Cluster_SingleSlot14_004c6090,SingleSlot14
004c63a0,Cluster_SingleSlot14_004c63a0,SingleSlot14
004c7360,Cluster_UiHint_004c7360,UiHint
004cc820,Cluster_CityHint_004cc820,CityHint
004d92e0,Cluster_CityHint_004d92e0,CityHint
004d9c70,Cluster_CityHint_004d9c70,CityHint
004de860,Cluster_TurnEventHint_004de860,TurnEventHint
004e5340,Cluster_TurnEventHint_004e5340,TurnEventHint
004e92b0,Cluster_MapHint_004e92b0,MapHint
004ec540,Cluster_Vcall_14_1C_24_004ec540,Vcall_14_1C_24
004f1b70,Cluster_Vcall_24_28_3C_004f1b70,Vcall_24_28_3C
004f9450,Cluster_MapHint_004f9450,MapHint
004fbdf0,Cluster_MapHint_004fbdf0,MapHint
00500680,Cluster_SingleSlot38_00500680,SingleSlot38
00504220,Cluster_UiControlA4A8_1C8_00504220,UiControlA4A8_1C8
005046c0,Cluster_UiControlA4A8_1C8_005046c0,UiControlA4A8_1C8
0050a9f0,Cluster_Vcall_00_04_2C_0050a9f0,Vcall_00_04_2C
0050bea0,Cluster_CityHint_0050bea0,CityHint
00520670,Cluster_Vcall_34_84_214_00520670,Vcall_34_84_214
005220f0,Cluster_MapHint_005220f0,MapHint
00530200,Cluster_TurnEventHint_00530200,TurnEventHint
00531550,Cluster_Vcall_48_4C_68_00531550,Vcall_48_4C_68
00531e50,Cluster_UiPageGrid244C6888_00531e50,UiPageGrid244C6888
00532c60,Cluster_UiPageGrid244C6888_00532c60,UiPageGrid244C6888
00533380,Cluster_Vcall_48_4C_68_00533380,Vcall_48_4C_68
00533b10,Cluster_UiPageGrid244C6888_00533b10,UiPageGrid244C6888
00534190,Cluster_UiPageGrid244C6888_00534190,UiPageGrid244C6888
00545940,Cluster_StateMachine18_4C_00545940,StateMachine18_4C
0056a5b0,Cluster_UiControlA4A8_1C8_0056a5b0,UiControlA4A8_1C8
0056bcc0,Cluster_UiControlA4A8_1C8_0056bcc0,UiControlA4A8_1C8
0056cd10,Cluster_CityHint_0056cd10,CityHint
0056ea20,Cluster_TurnEventHint_0056ea20,TurnEventHint
00577030,Cluster_TurnEventHint_00577030,TurnEventHint
0057a6e0,Cluster_UiControlA4A8_1C8_0057a6e0,UiControlA4A8_1C8
00590cb0,Cluster_Vcall_0C_84_C8_00590cb0,Vcall_0C_84_C8
00591620,Cluster_MapHint_00591620,MapHint
00592a70,Cluster_UiControlA4A8_1C8_00592a70,UiControlA4A8_1C8
00598a50,Cluster_MilitaryHint_00598a50,MilitaryHint
005a2750,Cluster_MilitaryHint_005a2750,MilitaryHint
005acd60,Cluster_UiControlA4A8_1C8_005acd60,UiControlA4A8_1C8
005b1e20,Cluster_CityHint_005b1e20,CityHint
005b8080,Cluster_Vcall_38_40_44_005b8080,Vcall_38_40_44
005bc0d0,Cluster_CityHint_005bc0d0,CityHint
005bea00,Cluster_UiControlA4A8_1C8_1E4_005bea00,UiControlA4A8_1C8_1E4
005d5d30,Cluster_UiControlA4A8_1C8_1E4_005d5d30,UiControlA4A8_1C8_1E4
005de010,Cluster_UiControlA4A8_1C8_005de010,UiControlA4A8_1C8
